id,title,content,text,url,published,source,source_category,publisher,collected_at
cf6501b5c553064a,Enterprise AI Platforms - SSON,Enterprise AI Platforms SSON,Enterprise AI Platforms - SSON. Enterprise AI Platforms SSON,https://news.google.com/rss/articles/CBMiiAFBVV95cUxOOVZ6dkFUUUxBUXozTHl0MHVVOHhFTTgtWHJTUFgxS2hNU0hubTVPN1UzWERvWDRfdHRjMF82QU1aam9PTi1Jd3ltMi14VkdnbGVCZC1JcE9zeG9wbUVWT1BncGlHczNaX21lUnVyZmF4NnlxOTVrUy1aenZnQTdzenpCTFNnd1dZ?oc=5,"Thu, 25 Jun 2026 16:34:22 GMT",Google News - Enterprise AI Trends,trend,SSON,2026-06-30T08:12:47+00:00
8522911ebcd37a0d,Databricks’ $134B Valuation Puts the Enterprise AI Data War in Focus - ERP Today,Databricks’ $134B Valuation Puts the Enterprise AI Data War in Focus ERP Today,Databricks’ $134B Valuation Puts the Enterprise AI Data War in Focus - ERP Today. Databricks’ $134B Valuation Puts the Enterprise AI Data War in Focus ERP Today,https://news.google.com/rss/articles/CBMijgFBVV95cUxPcnJCVHZOTTVTYWpwRmN6QjJoQ0o0bzA5N0xPUnQ5S2h1ZjRZQ2s3N3ljbUJkdDl2RUpibHpkRklDcGVHcVMtNGd4bkEyYW5uc245bGVJVnpjNzdlaGVVUF9WcGRZWHdfWjNGa3dXOXhXZHhDeXM2bTJKZ0l0SERmdUtCcF8zeWFpVG9oSXhn?oc=5,"Mon, 01 Jun 2026 05:33:32 GMT",Google News - Enterprise AI Trends,trend,ERP Today,2026-06-30T08:12:47+00:00
2633167d6dd65f19,Why Sports Has Become A Blueprint For Real-Time Enterprise Execution - Forbes,Why Sports Has Become A Blueprint For Real-Time Enterprise Execution Forbes,Why Sports Has Become A Blueprint For Real-Time Enterprise Execution - Forbes. Why Sports Has Become A Blueprint For Real-Time Enterprise Execution Forbes,https://news.google.com/rss/articles/CBMivwFBVV95cUxOUnFOOUJIZGVtV0lWUHZOc1FHd2hjNllTdXd4enYzWHNDbWpWbHdJU1FkMFl6a24xZ0J6YUhtUWVwdEVDTE12MEU3X3NSWmgwZVloTTdLWDZab0gza05NUWJ4c2wya0xZSHJQRUFjNnlrS2R1VnVyOWotZ2dHcC1BY3dDQ05PYzItTVNzQlFUUjZMWFBGam94U05IXzFGeG5rSlFFNjBSRnR0TVJacEFESGh4eEdEWHc2aXhyZzJOVQ?oc=5,"Tue, 23 Jun 2026 16:43:23 GMT",Google News - Enterprise AI Trends,trend,Forbes,2026-06-30T08:12:47+00:00
0344462e3611057f,"Snowflake recasts its AI strategy around action, not answers, with CoWork - cio.com","Snowflake recasts its AI strategy around action, not answers, with CoWork cio.com","Snowflake recasts its AI strategy around action, not answers, with CoWork - cio.com. Snowflake recasts its AI strategy around action, not answers, with CoWork cio.com",https://news.google.com/rss/articles/CBMisgFBVV95cUxNQ2tSWFcxTXoyQ3lHTURONkZWeElYVVlpcGVYbVhRYV90RkNETXZ3UG1YNUhlSEI1UldFd0gyRjZlVm9FU0dkVFFQT1NBeU41LVIybU9PRTY5YmdkY0V4dVhRX3BSdlVkcmp2RFdabnJWQ3VLQld0UDdlUWJxNmxURFZMZmhVazZDVEFUNE5QcUVVLXktRU9Wd3FmYTlZTzFXMnpId2lweldLWXRjV2dWeldB?oc=5,"Tue, 02 Jun 2026 07:00:00 GMT",Google News - Enterprise AI Trends,trend,cio.com,2026-06-30T08:12:47+00:00
3fc78be6769bad25,Epicor Prism's Cognitive ERP Push: Can Embedded AI Agents Redefine Manufacturing Outcomes? - The Futurum Group,Epicor Prism's Cognitive ERP Push: Can Embedded AI Agents Redefine Manufacturing Outcomes? The Futurum Group,Epicor Prism's Cognitive ERP Push: Can Embedded AI Agents Redefine Manufacturing Outcomes? - The Futurum Group. Epicor Prism's Cognitive ERP Push: Can Embedded AI Agents Redefine Manufacturing Outcomes? The Futurum Group,https://news.google.com/rss/articles/CBMivwFBVV95cUxNQThXWHRoQXdDWEhSc1hrVUllbU96a0FxcUNEc0dzRHNMeEEzbmw3RXJDQzVzdGlZT0x4ZHJYczVvMEZIZmNueDFadmNsYTBlaVhCZ09NN0FZSnp2VzRESFpxN1lKZURPZjFwblJQX1VlakxIaEJBSENwSUlJTGlmOXVUOG1nUWNFOGJTVjl4b014Ny1jZllZMzI3blpmX3hlVHBsc09kY1dJX1VIOU5BamQ3VDJiT1pzekdub2ZBNA?oc=5,"Thu, 25 Jun 2026 16:16:40 GMT",Google News - Enterprise AI Trends,trend,The Futurum Group,2026-06-30T08:12:47+00:00
9b7a18e4be4b2dd6,Top 10 Agentic AI ERP Systems & 6 Solutions - AIMultiple,Top 10 Agentic AI ERP Systems & 6 Solutions AIMultiple,Top 10 Agentic AI ERP Systems & 6 Solutions - AIMultiple. Top 10 Agentic AI ERP Systems & 6 Solutions AIMultiple,https://news.google.com/rss/articles/CBMiTkFVX3lxTFBmZkF6WGZjSHBQaFZpdkxtMENUSmhCSnlMdG1sYzZEeGxfd1VMMG5UQnVWZDItbVlUOXVKY0FWTzdXTHZabWxBbktGSnhlUQ?oc=5,"Mon, 15 Jun 2026 07:00:00 GMT",Google News - Enterprise AI Trends,trend,AIMultiple,2026-06-30T08:12:47+00:00
c7462de2d1bbfd8b,"Electronic Data Interchange Software Market Size, Share, 2034 - Straits Research","Electronic Data Interchange Software Market Size, Share, 2034 Straits Research","Electronic Data Interchange Software Market Size, Share, 2034 - Straits Research. Electronic Data Interchange Software Market Size, Share, 2034 Straits Research",https://news.google.com/rss/articles/CBMihAFBVV95cUxOd2lhSWtnSm1EZEJ2NGtIdnNjbGQ4RWlVcXA3VXJjam1ETm9ZRXlOZnAzT09qVHA2YWRFMUJIZmdmdXl3a0k0Z0FSM0k2ZzZGb0wyc0p2Qk1qRzhoTW1ZSTRzWTVUZ2xPSzQyVVRFS3VqbVd0RlpQSzlDVW1XVHAwaHJXZFE?oc=5,"Tue, 16 Jun 2026 06:05:07 GMT",Google News - Enterprise AI Trends,trend,Straits Research,2026-06-30T08:12:47+00:00
88ba4370fdd4fb12,"UK Enterprise Resource Planning Market Size & Share, 2034 - Market Data Forecast","UK Enterprise Resource Planning Market Size & Share, 2034 Market Data Forecast","UK Enterprise Resource Planning Market Size & Share, 2034 - Market Data Forecast. UK Enterprise Resource Planning Market Size & Share, 2034 Market Data Forecast",https://news.google.com/rss/articles/CBMiogFBVV95cUxQZ3VMbS1SX1l2U3RiR1g5UWxpTU9ocVo3di0xVlFqY3diZWdGdzZDR1BZRXVVeFVqdkNGMXZ3X2xWRW5KcjJDLXJxbXk3VXdLeTFFbEVPWm5YWmtqZWpsOURjaW5pZklJbjdDMVlua3NFeFJlSTdWeDdGSFZSVDRQUjJjdGg1NGZHSzkwdFk5RjY0VG5PS1lhMFJ4UU0wT0p2WkE?oc=5,"Wed, 10 Jun 2026 13:59:59 GMT",Google News - Enterprise AI Trends,trend,Market Data Forecast,2026-06-30T08:12:47+00:00
a8ebd297be412535,"Top Worktech News From the Week of June 19th: Updates from Planview, Rockwell Automation, Nuvei, and More - Solutions Review","Top Worktech News From the Week of June 19th: Updates from Planview, Rockwell Automation, Nuvei, and More Solutions Review","Top Worktech News From the Week of June 19th: Updates from Planview, Rockwell Automation, Nuvei, and More - Solutions Review. Top Worktech News From the Week of June 19th: Updates from Planview, Rockwell Automation, Nuvei, and More Solutions Review",https://news.google.com/rss/articles/CBMipAFBVV95cUxQcE1ITzdhZHVBMjZ3cFpzalF5LWhWdnhZYlpCTU5kSVdxNUlzT3Y5QjlvV19vcWx4R2Jqc2VDS1Vyam1qaE1RM3otWVFMb29Ib0hJWUFhbTgzLUxZRzBCeXM3TnFTcGFUWVlXUFpOUTJZcnFQNWZ1eXdCMFBsdzNvcUhnUmNveEpWVFg3c2tsTVBoVXhRS3NuMEYzRHI5dktVd1k5NQ?oc=5,"Fri, 19 Jun 2026 14:11:18 GMT",Google News - Enterprise AI Trends,trend,Solutions Review,2026-06-30T08:12:47+00:00
d2c46e0a86d8b294,Salesforce (NYSE: CRM) Agentforce Platform Crosses $1B ARR As AI Revenue Surge Reshapes Enterprise Software Race - foreignpolicyjournal.com,Salesforce (NYSE: CRM) Agentforce Platform Crosses $1B ARR As AI Revenue Surge Reshapes Enterprise Software Race foreignpolicyjournal.com,Salesforce (NYSE: CRM) Agentforce Platform Crosses $1B ARR As AI Revenue Surge Reshapes Enterprise Software Race - foreignpolicyjournal.com. Salesforce (NYSE: CRM) Agentforce Platform Crosses $1B ARR As AI Revenue Surge Reshapes Enterprise Software Race foreignpolicyjournal.com,https://news.google.com/rss/articles/CBMi7gFBVV95cUxNQlUxM21ONGpSTG1qT0xaVDN6S1ZoQ3I0Ml9SYjdVNXNWYnNTYWkwTHY4Z2NMV2trcG5MeEhfTXoxNk9CWFRjcHJJUWM0Ni1YUGplZ2VQUVgxck9sY2YyT2NNUF9OcU1adWpfU1kxQzloa1BvbTV5SnRBdjdDdFBpTmFqdm9TdkZjX0UxWUJqWUp3RXRGNXg1eUpKNU83WHlQTkZjeE85aEcyUXhPUUw3TVlLREQzVERwRUlubDBoTWVCeWVzTVRKRzB0QWtDNWdleFdMXzA1cmtadmgybWxGV1g3TkpndWdqcGE5OTdB?oc=5,"Thu, 04 Jun 2026 07:00:00 GMT",Google News - Enterprise AI Trends,trend,foreignpolicyjournal.com,2026-06-30T08:12:47+00:00
3b90ac39487a3589,Essential ERP Features Your Business Needs in [year] - Business.com,Essential ERP Features Your Business Needs in [year] Business.com,Essential ERP Features Your Business Needs in [year] - Business.com. Essential ERP Features Your Business Needs in [year] Business.com,https://news.google.com/rss/articles/CBMiaEFVX3lxTE1hNElRaThkTzc5b05fODJVNFR2dm9Hd0E3azUweUtBUXdULWpDSnhYNHdCOFFHWjhKQnRrVVF4OXhCZGxNT1VYNmxqYjhibTdNOF9ScFN1QVZtQjhkODV2MGZsWGUtUUZ0?oc=5,"Tue, 02 Jun 2026 07:00:00 GMT",Google News - Enterprise AI Trends,trend,Business.com,2026-06-30T08:12:47+00:00
fbd37eb005e0c2f1,10 Best ERP Software for Enterprises - Indiatimes,10 Best ERP Software for Enterprises Indiatimes,10 Best ERP Software for Enterprises - Indiatimes. 10 Best ERP Software for Enterprises Indiatimes,https://news.google.com/rss/articles/CBMigwFBVV95cUxObllQeDJmREJtWllCTVRRS00tQlJxdlRiU1poSXRQejE0NlpMNGpvOW5vazFIbjQ3NDNHQ2x2NEo3enFsVGZvNmgtTXBkeEF2RVdFVTJZeDd4VmZNU3AxWGJ0enI5V3RHdlMxSlJaUjRYOUJnS3VhLTNPZGVYaGZNX09pWdIBiAFBVV95cUxQUFlkcUVyLUEyTGJFYk5KbnZQLUdVbGN0T2VKNlA5dnM4aUpvLWFZbEtvcHlLeXRlT3cySFJfclBNWTZpa3dJc2xXRUdKZWJHWDBNcmJSTnhndktuTnhpUG0wMnBFdzd5STJ5N0VybXh4Y1NmM3dzVkJEbkF6MGNWS0VSWG1tbVJD?oc=5,"Sat, 13 Jun 2026 07:00:00 GMT",Google News - Enterprise AI Trends,trend,Indiatimes,2026-06-30T08:12:47+00:00
7d6efe6d2c661b09,"Public Cloud Market Size, Growth, Share, Trends, 2034 - Fortune Business Insights","Public Cloud Market Size, Growth, Share, Trends, 2034 Fortune Business Insights","Public Cloud Market Size, Growth, Share, Trends, 2034 - Fortune Business Insights. Public Cloud Market Size, Growth, Share, Trends, 2034 Fortune Business Insights",https://news.google.com/rss/articles/CBMidEFVX3lxTE4zUzE3YTRKdzBFcF9ybFZmM1JMdTZURUhkanA0V1ZXb0dmQkhPOWxSd3RMRkJOQWIwMmg0UlZZQTdJTW9LR3c1VWxmMWlRNDBWcHYzUVBHOUhYOHN1em1vVWVacXlyTFgxZkUxYVcwZzByWjFs?oc=5,"Mon, 08 Jun 2026 07:00:00 GMT",Google News - Enterprise AI Trends,trend,Fortune Business Insights,2026-06-30T08:12:47+00:00
2aa1c5bf2125c492,Tech news: PwC outlines AI paradigm for enterprise - Accounting Today,Tech news: PwC outlines AI paradigm for enterprise Accounting Today,Tech news: PwC outlines AI paradigm for enterprise - Accounting Today. Tech news: PwC outlines AI paradigm for enterprise Accounting Today,https://news.google.com/rss/articles/CBMilwFBVV95cUxQeEpSVldRRVZ2Q0dZMDRrQ1dFVkJNS1h3YTFJTnhPRXNIc0lETl9LWEFKZ2pNZFZucldqRnNrU0c5MF9RTkYtbXFGbmNOeXRZeDB5MG9GN1E2Tm05SGRfaDVHaTlMLVBOenVkbFdWV1J2Y1IxYVVZeTlab3E2SThUcGNyUFdRaVkwREhLRlJEV0c4eHAxTWE0?oc=5,"Fri, 05 Jun 2026 07:00:00 GMT",Google News - Enterprise AI Trends,trend,Accounting Today,2026-06-30T08:12:47+00:00
a9042f6371cfa882,SAP’s AI Partnership Sprint Shows What Its Autonomous Enterprise Still Has to Prove - ERP Today,SAP’s AI Partnership Sprint Shows What Its Autonomous Enterprise Still Has to Prove ERP Today,SAP’s AI Partnership Sprint Shows What Its Autonomous Enterprise Still Has to Prove - ERP Today. SAP’s AI Partnership Sprint Shows What Its Autonomous Enterprise Still Has to Prove ERP Today,https://news.google.com/rss/articles/CBMiiAFBVV95cUxOZmdfcXRHNmthUm1NLWlBbTVXTDBJQ21xdU5qbFRYRGZMMXYzbXJlanBpVUc1YWdVSzFweW16dVhQSFFoMWRDbjNnc3lrNTZVRV9wSWVQZ3liZHRaQXNQZFJCOU9XV2dVaVlkR0hSb0tjbXFobjA0MzdXekVaZUhXS0FMazE5eGVC?oc=5,"Thu, 25 Jun 2026 20:23:13 GMT",Google News - Enterprise AI Trends,trend,ERP Today,2026-06-30T08:12:47+00:00
9a273174ae573bf7,IBM Closes Out 2026 Oracle AI World Tour with a Clear Message: AI Is Now an Operational Imperative - ERP Today,IBM Closes Out 2026 Oracle AI World Tour with a Clear Message: AI Is Now an Operational Imperative ERP Today,IBM Closes Out 2026 Oracle AI World Tour with a Clear Message: AI Is Now an Operational Imperative - ERP Today. IBM Closes Out 2026 Oracle AI World Tour with a Clear Message: AI Is Now an Operational Imperative ERP Today,https://news.google.com/rss/articles/CBMijgFBVV95cUxOLWNPUmdtU0RGQ1ZDVFI4REd2UHV2N3VsTGcxUHliQXR6QVh2WEE0ZExSTU50UExsSC1KUks0VW5vc3VzaUFyUm9iUjNUcFB4a24wN1pVMHc3bjV6NWZkZmVzOGZmcHhpX0dBVW8yTDZpeHdsZXpibzJ3OW1lcndodUVSbUMwcy1VTWdkcHJB?oc=5,"Fri, 05 Jun 2026 07:00:00 GMT",Google News - Enterprise AI Trends,trend,ERP Today,2026-06-30T08:12:47+00:00
4b21657172f879f2,Why SAP S/4HANA Migration Alone Won’t Make You AI-Ready - ERP Today,Why SAP S/4HANA Migration Alone Won’t Make You AI-Ready ERP Today,Why SAP S/4HANA Migration Alone Won’t Make You AI-Ready - ERP Today. Why SAP S/4HANA Migration Alone Won’t Make You AI-Ready ERP Today,https://news.google.com/rss/articles/CBMickFVX3lxTFBXUFY2eVVHTzRDQk90VGFzMjU2NzFRUDlIbDh1RkNGSTZsWlJZSE51OF91ajlkRnotbnFHUmFlMFY4Nk5mVVBKTWtDd0tIRjZQNHduVF9OZHdJNzBndnRDNVF4MUdJZDVHZjBhWWJPU0twQQ?oc=5,"Fri, 12 Jun 2026 07:00:00 GMT",Google News - Enterprise AI Trends,trend,ERP Today,2026-06-30T08:12:47+00:00
e2e0b1c4ee9e11e2,Can AI Break the ERP Change-Order Cycle? Tessera Labs Just Raised $60M to Try - ERP Today,Can AI Break the ERP Change-Order Cycle? Tessera Labs Just Raised $60M to Try ERP Today,Can AI Break the ERP Change-Order Cycle? Tessera Labs Just Raised $60M to Try - ERP Today. Can AI Break the ERP Change-Order Cycle? Tessera Labs Just Raised $60M to Try ERP Today,https://news.google.com/rss/articles/CBMibEFVX3lxTFB0ZlpPRzc0bXhiRS1kWXFoLXBZMTAzX3RWV1RCMi0yRFhuTlFvSVg3NUotNTJNZnJrOG1lTXdzaEVvNVNaWDJYTW9ScXRyVlJlQjNwRUU0amtFdlIzT2dpekFDbkNlWU9ETWl4UA?oc=5,"Fri, 26 Jun 2026 21:33:51 GMT",Google News - Enterprise AI Trends,trend,ERP Today,2026-06-30T08:12:47+00:00
11d371097e032a40,Recent Acquisitions Announcements Show Enterprise Software Vendors Are Buying the AI Execution Layer - ERP Today,Recent Acquisitions Announcements Show Enterprise Software Vendors Are Buying the AI Execution Layer ERP Today,Recent Acquisitions Announcements Show Enterprise Software Vendors Are Buying the AI Execution Layer - ERP Today. Recent Acquisitions Announcements Show Enterprise Software Vendors Are Buying the AI Execution Layer ERP Today,https://news.google.com/rss/articles/CBMiekFVX3lxTFBMa0FrdmZHaHQzTndoQk05amt5Y1hNTGJPdDVwbWhaY0NvdzJneHlsODFvZGtkVGNZTkg0R05NRkFHM1dkOE0wV3FSbjd5ODVRMUt2U29vbDdRVTJ3WjhhaUl6Ukt2Wm9LM3BtTjJJQU5NWFl1WkNZY0hR?oc=5,"Tue, 02 Jun 2026 07:00:00 GMT",Google News - Enterprise AI Trends,trend,ERP Today,2026-06-30T08:12:47+00:00
63fe4a4254a1a976,Why AI Ambitions Still Depend on IT Modernization: METRO’s Migration Program - ERP Today,Why AI Ambitions Still Depend on IT Modernization: METRO’s Migration Program ERP Today,Why AI Ambitions Still Depend on IT Modernization: METRO’s Migration Program - ERP Today. Why AI Ambitions Still Depend on IT Modernization: METRO’s Migration Program ERP Today,https://news.google.com/rss/articles/CBMib0FVX3lxTE9LblVQaDRCZzduUXdUUFFZaDlwTWpnem9jZzhpYzJVUXNrRkpicGVEd01qdjdzcWVnNUJiN2hmaHBKU3cxdDBwQkV4dTd1dzNWWkR2OGcwcVEwMGt1dXdhMU84dzNHMWZHUnN5QXl1Zw?oc=5,"Fri, 26 Jun 2026 09:24:30 GMT",Google News - Enterprise AI Trends,trend,ERP Today,2026-06-30T08:12:47+00:00
d5cbdc85894a684e,Cognizant turns to Oracle AI to revamp hiring in 60+ countries - Stock Titan,Cognizant turns to Oracle AI to revamp hiring in 60+ countries Stock Titan,Cognizant turns to Oracle AI to revamp hiring in 60+ countries - Stock Titan. Cognizant turns to Oracle AI to revamp hiring in 60+ countries Stock Titan,https://news.google.com/rss/articles/CBMiuwFBVV95cUxPTm96Q2VMcGNsWk1hdDZwdG9aQUlmQUV5V19lMWoxMDZuREFNR2hZTG8tSXlpSWtKSEdMZGtYQ3p6ZmdhdW8zd2xRMnhrYkFYbjNiS2tpdW96aDRXUzRVY3ZIRjB1d1haZVpmeC05bVNwN21OVWw0VEpNRXB1TEItVnFGTlFRQ3lZY05yZXVkRG5DZlJlVHkxbjBqc2J4WXV4VGoxc3BXVWRxRXZldDdBY2pVWVZWSUVlVEsw?oc=5,"Thu, 11 Jun 2026 07:00:00 GMT",Google News - Enterprise AI Trends,trend,Stock Titan,2026-06-30T08:12:47+00:00
436fd0958ea5286b,Office of the CFO Software Market to Reach USD 198.7 Billion by 2036 as AI-Driven Finance Transformation and Cloud ERP Adoption Accelerate Growth: Fact.MR - 24-7 Press Release Newswire,Office of the CFO Software Market to Reach USD 198.7 Billion by 2036 as AI-Driven Finance Transformation and Cloud ERP Adoption Accelerate Growth: Fact.MR 24-7 Press Release Newswire,Office of the CFO Software Market to Reach USD 198.7 Billion by 2036 as AI-Driven Finance Transformation and Cloud ERP Adoption Accelerate Growth: Fact.MR - 24-7 Press Release Newswire. Office of the CFO Software Market to Reach USD 198.7 Billion by 2036 as AI-Driven Finance Transformation and Cloud ERP Adoption Accelerate Growth: Fact.MR 24-7 Press Release Newswire,https://news.google.com/rss/articles/CBMirgJBVV95cUxPQlNiX25JRWR1R2RWSnV2bGsyT2JNSGp5VjNKTkVCVE9RbFBpXzhrdzVFWHZycUs4ekRWRkQ0LU95VHkxVmQ4NUZtZGZrdlFpYTBiWWNEOUVSb2RuVjlzZlloX1ZXbk1VMzJtUHVCNzNmaFVybUtKOTFlYkNuNGVENjV4WGVLSXNsVUxCdXN3ZV80T3RrYkZoV1NpYldFcFUzdmVDTVUycHBiOXltcmFyR3dIWnFWMHdQajR6U1h2UVVFRk9UZlBiNEctRmozWXZFM2dDMFhXZ1owQk5sQlpFbm12M01wQ1JwcnN6YUJ1eXlXbGxXNXR2ZFhEOFBrdjFIOFBxbHlFaDFnbTZ4T0ZUYlZJdXlHdHUtcEZ2dS14SWZvaUdlaDRTSTNXeVE3dw?oc=5,"Fri, 19 Jun 2026 09:48:32 GMT",Google News - Enterprise AI Trends,trend,24-7 Press Release Newswire,2026-06-30T08:12:47+00:00
0df2e27f699e11c3,Top 10: Manufacturing Software Companies - Manufacturing Digital,Top 10: Manufacturing Software Companies Manufacturing Digital,Top 10: Manufacturing Software Companies - Manufacturing Digital. Top 10: Manufacturing Software Companies Manufacturing Digital,https://news.google.com/rss/articles/CBMihAFBVV95cUxQVTMwbXFLeEd6ay00NHFEZTJ2Y0k2RnctbEp3Vm81NzVybVVQaThVUjRJTHU1d0NNRmxHTUwwZUVvQmJrcFVkcnpER1l5eGxBZThGdnBBLW5ib05PMWo5U05WWF9lVlZSYjZPV1B3Vk9aRmY0UUs2eVVpSjBRb1RGUVFtTXA?oc=5,"Wed, 03 Jun 2026 07:00:00 GMT",Google News - Enterprise AI Trends,trend,Manufacturing Digital,2026-06-30T08:12:47+00:00
4784c3babb387553,LG CNS Launches Agentic AI-Powered ERP Testing Solution - thelec.net,LG CNS Launches Agentic AI-Powered ERP Testing Solution thelec.net,LG CNS Launches Agentic AI-Powered ERP Testing Solution - thelec.net. LG CNS Launches Agentic AI-Powered ERP Testing Solution thelec.net,https://news.google.com/rss/articles/CBMiZ0FVX3lxTE1pU0ZEOW1id3hWVDlmVGlETWlBNk1VMkJnQWtJTXRkUE1acmVpUldZeUUtYzd1YlUxb3dRSXFickdtQXNVTXpNeExQajNqYWZzMHRqQWpyUkh3d3E5LUphZDk2U1ZiaGc?oc=5,"Thu, 25 Jun 2026 09:28:53 GMT",Google News - Enterprise AI Trends,trend,thelec.net,2026-06-30T08:12:47+00:00
28f6471239f85ea2,"Tata Technologies secures SAP PartnerEdge Sell authorization, helps strengthen enterprise and AI-led transformation capabilities - SAP News Center","Tata Technologies secures SAP PartnerEdge Sell authorization, helps strengthen enterprise and AI-led transformation capabilities SAP News Center","Tata Technologies secures SAP PartnerEdge Sell authorization, helps strengthen enterprise and AI-led transformation capabilities - SAP News Center. Tata Technologies secures SAP PartnerEdge Sell authorization, helps strengthen enterprise and AI-led transformation capabilities SAP News Center",https://news.google.com/rss/articles/CBMi9gFBVV95cUxOUk4wbm1qMEo3U0pfT1FUUFNCTWFBZVFEMkdsNXRZOXYtMkxvcnlCNkhpalpZWUtxdG9kYVVncDI3QjRaNkFNSkxUcHN3WXlQMzdPUDcxY1ljVXpoaENlbVVENXZwWTdUSy1tNW80VmY2R2puN0tUcXRDT1dCVlNyWjFEWGc3U2dDb1J0LTFHeDhraXNRWm8tVURicE9ONzJUTnJCSDR1dExWdzdpMXU3SmlyTDNENlVhZE9fRnN5bzJmT3pDcmY3bFozVE82ZVV2aUVTNnRBRHJuZC1lc29PSWtvWVhVNE9WdXB0LU8ybWN2V1lGS1E?oc=5,"Mon, 01 Jun 2026 07:00:00 GMT",Google News - Enterprise AI Trends,trend,SAP News Center,2026-06-30T08:12:47+00:00
fd516ebfd2ded1d8,10 Stories That Defined Enterprise Tech in H1 2026 and What They Say About the ERP Market - ERP Today,10 Stories That Defined Enterprise Tech in H1 2026 and What They Say About the ERP Market ERP Today,10 Stories That Defined Enterprise Tech in H1 2026 and What They Say About the ERP Market - ERP Today. 10 Stories That Defined Enterprise Tech in H1 2026 and What They Say About the ERP Market ERP Today,https://news.google.com/rss/articles/CBMia0FVX3lxTFAwUkMxLTk3eklPTjVTYnluWGxrRk9fWDNwT2N5Rm5PRUx5cW1sOU9rb1lfX2diTGtDMjNTMC15SzRlX2xGd3MzanhLUTFNbXRIRnRjdGdpeURSanNYZkRJbzRQX3VhUVU3cWtV?oc=5,"Mon, 29 Jun 2026 17:06:34 GMT",Google News - Enterprise AI Trends,trend,ERP Today,2026-06-30T08:12:47+00:00
f94c2887e8e9313e,TCS launches India's first Oracle AI Data Platform Lab - Let's Data Science,TCS launches India's first Oracle AI Data Platform Lab Let's Data Science,TCS launches India's first Oracle AI Data Platform Lab - Let's Data Science. TCS launches India's first Oracle AI Data Platform Lab Let's Data Science,https://news.google.com/rss/articles/CBMimwFBVV95cUxQUG5UaGRNRkFnd2Z5ejh6R1c0SFRiZEcxbnRDbnV4YVh3MmlzMFM4NFN6MGNNZWJ0NnZxN3RZV2UtZ0U2Q0lNeUwtZVdEeXh6cFRyR2JIdENLZW1jYnBOMGxVMlZFVmV4V3h5YXYwbUR4Wnk0M21jNTNhemh1RTlySWZ3TFhudjVZMVY1M3gzRFpJaE1vN0x2UzB2aw?oc=5,"Fri, 12 Jun 2026 07:00:00 GMT",Google News - Enterprise AI Trends,trend,Let's Data Science,2026-06-30T08:12:47+00:00
3848a0a812e1e0af,"AI Data Extraction Platform Development Guide: Cost, How to Build, and More - appinventiv.com","AI Data Extraction Platform Development Guide: Cost, How to Build, and More appinventiv.com","AI Data Extraction Platform Development Guide: Cost, How to Build, and More - appinventiv.com. AI Data Extraction Platform Development Guide: Cost, How to Build, and More appinventiv.com",https://news.google.com/rss/articles/CBMigAFBVV95cUxPNEk2YWVReGFuRDJBT2RtMXVRQXZOQ2o0Z05LWTBFbXBQSWdqeTQzejF5ZnRlMWpBc1d2OEZGU2l3NXJxT1lfMnkteXU0NEt5cWJZQURPcklSMGwzc2xwLURXWkVGdm9pTk9xWFFjb1NVbVNmSUNxNmtfN1NqY19PTA?oc=5,"Wed, 10 Jun 2026 07:00:00 GMT",Google News - Enterprise AI Trends,trend,appinventiv.com,2026-06-30T08:12:47+00:00
5ded5733e6337733,Geo Dipa Energi Powers Indonesia’s Geothermal Future with RISE with SAP - SAP News Center,Geo Dipa Energi Powers Indonesia’s Geothermal Future with RISE with SAP SAP News Center,Geo Dipa Energi Powers Indonesia’s Geothermal Future with RISE with SAP - SAP News Center. Geo Dipa Energi Powers Indonesia’s Geothermal Future with RISE with SAP SAP News Center,https://news.google.com/rss/articles/CBMipwFBVV95cUxOcktjTF9EUXNyN2FYeHMtR285bmk2U2M2RE9PSjJmc3dNcjEwN1Y3Tmtidk9PRlNzSWszYTZJSUNDVXFGemk2MVdJRnEzZUNBZ2FGY25lcWdaSHVXMFFBQVViUktrRGNHYlVGQy1CLXNfang0NnZ3SVBleFhsUzgzX1hYVWpGZ2ttdU40RnFoMEFDUEppQTZ5VDlLQ19BN3Y3Y2NOZU5NQQ?oc=5,"Thu, 25 Jun 2026 03:36:56 GMT",Google News - Enterprise AI Trends,trend,SAP News Center,2026-06-30T08:12:47+00:00
abfbf0ad8d27bb7f,"Software Market Size, Share, Trend, Forecast, 2026-2034 - Fortune Business Insights","Software Market Size, Share, Trend, Forecast, 2026-2034 Fortune Business Insights","Software Market Size, Share, Trend, Forecast, 2026-2034 - Fortune Business Insights. Software Market Size, Share, Trend, Forecast, 2026-2034 Fortune Business Insights",https://news.google.com/rss/articles/CBMib0FVX3lxTE43ZThmdXRvRGt4NFRwRUFvdHhkZklvNGhJaWtLSXB4UGNBT1VtWEhaSmxiVnhheF9jaXV5R01mci1VQlJfMlNXSngzUGRLamh2SjVtN0toSnpjYzlMcVVzR0FRREhrZUJta09LeHZITQ?oc=5,"Mon, 08 Jun 2026 07:00:00 GMT",Google News - Enterprise AI Trends,trend,Fortune Business Insights,2026-06-30T08:12:47+00:00
feb5f396c0e4e78f,"Natural Language Generation Market Size, Share, Growth, Forecast, 2034 - Fortune Business Insights","Natural Language Generation Market Size, Share, Growth, Forecast, 2034 Fortune Business Insights","Natural Language Generation Market Size, Share, Growth, Forecast, 2034 - Fortune Business Insights. Natural Language Generation Market Size, Share, Growth, Forecast, 2034 Fortune Business Insights",https://news.google.com/rss/articles/CBMijgFBVV95cUxOMUlZZUV4cl96RWFJSGJOUGo2VzJQTjdseE95SmRjb21YVV92clJORlkzZzJIOUZ1eTlrb0dDYWRPZnlBOE16cWJRdTdoNlcxZXJvZGdLNFVpUkZLeEtzQk1UUFpMMXZhd0JreXM1emxXdmMzaGI4UlMxbnZWTVNmLVcxZTYzNWc2YnZEaUxB?oc=5,"Mon, 08 Jun 2026 07:00:00 GMT",Google News - Enterprise AI Trends,trend,Fortune Business Insights,2026-06-30T08:12:47+00:00
06f5d1c178082a15,Salesforce's Agentforce ARR Tops $1B: Can It Fuel More Growth for CRM? - The Globe and Mail,Salesforce's Agentforce ARR Tops $1B: Can It Fuel More Growth for CRM? The Globe and Mail,Salesforce's Agentforce ARR Tops $1B: Can It Fuel More Growth for CRM? - The Globe and Mail. Salesforce's Agentforce ARR Tops $1B: Can It Fuel More Growth for CRM? The Globe and Mail,https://news.google.com/rss/articles/CBMi5AFBVV95cUxOU3NieXZoSEhNRFYwMUFncHpHSEFPT2RwYzRaY1NBMWVodE9UcExlRXRhY2tkY1pES3N5RTMxcWcxaWVGaVpRV3p0RElsT0pfN2gwUlBIUkowT05YSDZvLU55VHpRZktDT1V2bXJZT3ZyYXF3SlYyeEwtOWp2NmREQXcwM19iNU5Sa25JOFZZaWxYYmpwSjJ2QnFPanVhMGdfSFNOWElKTHkwazkzUXU1alpCVml2dVRDZ3BTdEdwMGpDQlE3MXFzLW03UnhxNE5hODB1UDJEc1VQV2o4ajRzZ1pnWHo?oc=5,"Wed, 03 Jun 2026 07:00:00 GMT",Google News - Enterprise AI Trends,trend,The Globe and Mail,2026-06-30T08:12:47+00:00
1fa72bd791817830,Redwood SAP Partnership: Clean core support for SAP[2026] - AIMultiple,Redwood SAP Partnership: Clean core support for SAP[2026] AIMultiple,Redwood SAP Partnership: Clean core support for SAP[2026] - AIMultiple. Redwood SAP Partnership: Clean core support for SAP[2026] AIMultiple,https://news.google.com/rss/articles/CBMiSkFVX3lxTE9XRTFGX1BlUWN3SWdWT2diNEk5V1AtOHhrbDZ1MjFrblB1cFRPN0RpeE1vTkFCcEF5X1RCMmR5SWJUYjJYSzkzR2lR?oc=5,"Wed, 03 Jun 2026 07:00:00 GMT",Google News - Enterprise AI Trends,trend,AIMultiple,2026-06-30T08:12:47+00:00
bf5a6015fbef983a,"Persistent uses Nagarro acquisition to strengthen Europe, ERP and CX capabilities in USD 2.9 billion AI play - CRN Asia","Persistent uses Nagarro acquisition to strengthen Europe, ERP and CX capabilities in USD 2.9 billion AI play CRN Asia","Persistent uses Nagarro acquisition to strengthen Europe, ERP and CX capabilities in USD 2.9 billion AI play - CRN Asia. Persistent uses Nagarro acquisition to strengthen Europe, ERP and CX capabilities in USD 2.9 billion AI play CRN Asia",https://news.google.com/rss/articles/CBMi4AFBVV95cUxNbmNKOXB6a0xOcFR3bXpqVGx3bXJWOGRIMzhGZFUyeHpRVzgyS2xGSFdlbFJJanA2M3h6aFVRWWx2cDlvNW9fR2J2c1BoZnFPa1lLSGJYU0thS3F5dkRGdENNWjlvdDh4dUY1SFk0YnpkZGZqT0xrSmViMzhMTFlZUmFIVzBOdEJ1QmJtVy00MktKWGx5bF9uSnF2dzBGWHRBZ2ZYLWprOXlEdWxJZF8ySlYxcFFWaGl6V2MxaE1EZGI0OGZtV3BKMjhzY09SeFZzeE5mUHpadV82ZFI5ZFk0cg?oc=5,"Mon, 29 Jun 2026 06:19:52 GMT",Google News - Enterprise AI Trends,trend,CRN Asia,2026-06-30T08:12:47+00:00
522e7dda920d5f2b,"Digital Transformation Market Size, Industry Analysis - 2035 - Market Research Future","Digital Transformation Market Size, Industry Analysis - 2035 Market Research Future","Digital Transformation Market Size, Industry Analysis - 2035 - Market Research Future. Digital Transformation Market Size, Industry Analysis - 2035 Market Research Future",https://news.google.com/rss/articles/CBMihgFBVV95cUxNNGF1eTNERVltczROMkhqcHRtTEZSYUlGanUzdWNDdjVpQkhoTTJJQnBVVXJ1NF9ESWtQNl9BaVZQd3BrY2t0TzROSmJIM2QybDdBaHplU1VVT2plcF96Y1FQOEtrSVlacng2aTBlMkJ0LXh1OVNmRGI5REs2YW1pSldoTVMwQQ?oc=5,"Wed, 17 Jun 2026 07:00:00 GMT",Google News - Enterprise AI Trends,trend,Market Research Future,2026-06-30T08:12:47+00:00
ad06773fd7cceb78,SAP Launches Autonomous Enterprise Platform With Joule Agents and Partner Ecosystem - vocal.media,SAP Launches Autonomous Enterprise Platform With Joule Agents and Partner Ecosystem vocal.media,SAP Launches Autonomous Enterprise Platform With Joule Agents and Partner Ecosystem - vocal.media. SAP Launches Autonomous Enterprise Platform With Joule Agents and Partner Ecosystem vocal.media,https://news.google.com/rss/articles/CBMisgFBVV95cUxQMG1MRll4LWZkZ0lHZWxGaHRVNHNsUTZOMldsNTJTQmg3Wms5cG9lSk1UNTlJLVhBLVRMVjhxdmx3RWpiS0lSeDJlM1FDXzNYR0RRTkVfYW0tcUhyei15UzJZNnZlSVJkZmJmYWdlUlVSeWNCRnNRMnQ2NWRjdWoxcFg1V21JaHVGVkZXcVduVm1tUHNzN2JPei1Ga2ZvRDdwSndnamdjeEp3ZVFsVTZFMk5B?oc=5,"Fri, 19 Jun 2026 02:42:51 GMT",Google News - Enterprise AI Trends,trend,vocal.media,2026-06-30T08:12:47+00:00
d81d3ec03930a4ba,AI for Workflow Orchestration: 15+ Agentic AI & GenAI Tools - AIMultiple,AI for Workflow Orchestration: 15+ Agentic AI & GenAI Tools AIMultiple,AI for Workflow Orchestration: 15+ Agentic AI & GenAI Tools - AIMultiple. AI for Workflow Orchestration: 15+ Agentic AI & GenAI Tools AIMultiple,https://news.google.com/rss/articles/CBMiYkFVX3lxTE9TR0dCckYxUDF2Ym9KZ3RNS3dDVUg5WGFHOEt5YjVLYmZucXBZNkxHUVpCbmQ3MHEwWWRKUlFsdmp4OUxicURxR0lWQzdhQUswUEY5UDhnTWtMTWFSdnRIbU9R?oc=5,"Thu, 18 Jun 2026 07:00:00 GMT",Google News - Enterprise AI Trends,trend,AIMultiple,2026-06-30T08:12:47+00:00
942460159d0d445e,Discover 8 SAP BTP Generative AI Tools & Examples - AIMultiple,Discover 8 SAP BTP Generative AI Tools & Examples AIMultiple,Discover 8 SAP BTP Generative AI Tools & Examples - AIMultiple. Discover 8 SAP BTP Generative AI Tools & Examples AIMultiple,https://news.google.com/rss/articles/CBMiV0FVX3lxTFA0ZWM3S0VIRmE2YWRVWWVTM0pJNjkzS0UxXzBlV09sVW94N0xqQXpvNEFZMmR3djVGVWdHX29tcklCZ2htcUxCOWdCTkJhRklacTh0QWRndw?oc=5,"Fri, 26 Jun 2026 07:00:00 GMT",Google News - Enterprise AI Trends,trend,AIMultiple,2026-06-30T08:12:47+00:00
9f6b610c14fc66b0,Top 10 Enterprise Job Scheduler Software - AIMultiple,Top 10 Enterprise Job Scheduler Software AIMultiple,Top 10 Enterprise Job Scheduler Software - AIMultiple. Top 10 Enterprise Job Scheduler Software AIMultiple,https://news.google.com/rss/articles/CBMiZ0FVX3lxTE96dXhzdW9QSUZqeVBEaGFXeTk3b29zNEdnaUc3R2NibXZFTFBQSFhENm11T0R3Z180aDZMc3EzLWE1Y1Bma1h3WEwydUFlTzRBUGZoOW5ENGRqWng0ZUNUNkFSMFJJRTg?oc=5,"Thu, 18 Jun 2026 07:00:00 GMT",Google News - Enterprise AI Trends,trend,AIMultiple,2026-06-30T08:12:47+00:00
9aad48c9a05e98fd,Fujitsu’s AI overhaul signals a broader reckoning for Japan Inc. - iTnews Asia,Fujitsu’s AI overhaul signals a broader reckoning for Japan Inc. iTnews Asia,Fujitsu’s AI overhaul signals a broader reckoning for Japan Inc. - iTnews Asia. Fujitsu’s AI overhaul signals a broader reckoning for Japan Inc. iTnews Asia,https://news.google.com/rss/articles/CBMinwFBVV95cUxOTFh2Vm9vY3JLOUs0UlQzWV82NWRTQndBOENTVV9BM1BFYW9IXzc0Uy1TUmdYWmdlY0FJcHlqYVhobjd6XzdpRU9ySEJpaW9pa2tKckp1aWZHMXE1eUp6RHRpbG9VS2tPdmM4THZFZk9uSlVxNUkwTjgyeHE4QTVCU0I4aTBhQjhGR2RmZ1VSSDNtYmtHYzdrVFJOQWVTcXM?oc=5,"Thu, 04 Jun 2026 07:00:00 GMT",Google News - Enterprise AI Trends,trend,iTnews Asia,2026-06-30T08:12:47+00:00
b0856d93c2e82682,SAP Korea to host AI Tour event focused on autonomous enterprise strategy - The Korea Times,SAP Korea to host AI Tour event focused on autonomous enterprise strategy The Korea Times,SAP Korea to host AI Tour event focused on autonomous enterprise strategy - The Korea Times. SAP Korea to host AI Tour event focused on autonomous enterprise strategy The Korea Times,https://news.google.com/rss/articles/CBMizwFBVV95cUxQNnp5dmZLWGNNTVFUZGEzWU9QZHl6QnM0aW01U3BzbXZJS0dVUFJ4WlRjNFR6UWl3MUZjOEk5dTJERGI3S2dUTEh6UDdKUG1xUWpRNElVX0dqRXp0dk1jNVFaQTJnSGwwck5mSTVCRWxUVmstSDlhMHExdDdXT3F0OHpKN3BuY2lLc3FGTUpLV245UXlxdDZJQWZ4dGstM3kzQ2x2ckFCU0Q1NGd0U05SUTVRZTdLdXBWMTRRN3BSa3E3T2s2OTVTVlFoc2t5WTTSAc8BQVVfeXFMUDZ6eXZmS1hjTU1RVGRhM1lPUGR5ekJzNGltNVNwc212SUtHVVBSeFpUYzRUelFpdzFGYzhJOXUyRERiN0tnVExIelA3SlBtcVFqUTRJVV9HakV6dHZNYzVRWkEyZ0hsMHJOZkk1QkVsVFZrLUg5YTBxMXQ3V09xdDh6SjdwbmNpS3NxRk1KS1duOVF5cXQ2SUFmeHRrLTN5M0NsdnJBQlNENTRndFNOUlE1UWU3S3VwVjE0UTdwUmtxN09rNjk1U1ZRaHNreVk0?oc=5,"Tue, 30 Jun 2026 03:48:00 GMT",Google News - Enterprise AI Trends,trend,The Korea Times,2026-06-30T08:12:47+00:00
1b38a2d5e29719b6,"Internet of Behavior (IoB) Market Size, Industry Share, Forecast to 2034 - Fortune Business Insights","Internet of Behavior (IoB) Market Size, Industry Share, Forecast to 2034 Fortune Business Insights","Internet of Behavior (IoB) Market Size, Industry Share, Forecast to 2034 - Fortune Business Insights. Internet of Behavior (IoB) Market Size, Industry Share, Forecast to 2034 Fortune Business Insights",https://news.google.com/rss/articles/CBMihAFBVV95cUxNd2lHVXFheWtEUXUta1BLeXBpa3NUVXdtenUtMF8tS3I1YmVSNkVPQ0JHZVBOU01PbWRCdVJWZEtjTFlQR3oxWWFyTE9zeFR6ajdSbWtUMFdLWGhjM0diQXVSakR6ejVzSC0zZ1p6TUFqNUdrWVNLM0dJdTYyQU5zMTlINm8?oc=5,"Mon, 08 Jun 2026 07:00:00 GMT",Google News - Enterprise AI Trends,trend,Fortune Business Insights,2026-06-30T08:12:47+00:00
a935004c5f988206,"E-Commerce Software Market Size, Share & Forecast 2026-2034 - Fortune Business Insights","E-Commerce Software Market Size, Share & Forecast 2026-2034 Fortune Business Insights","E-Commerce Software Market Size, Share & Forecast 2026-2034 - Fortune Business Insights. E-Commerce Software Market Size, Share & Forecast 2026-2034 Fortune Business Insights",https://news.google.com/rss/articles/CBMifkFVX3lxTE1nU1FmVXg5T3lKeGN3dkhocjBONFQyb25LbXFzUFhfb2F6cWZLTHZlV04xZVBCQXVDVGIzaFdqd05oV0hjSEp0cDBRYVRLbDNOTUV3bHhXZEVvWUFjZjUtLXFtSWtwNWxQQnZkcHo0MEg5cjFTcm5QMjlMN3BJQQ?oc=5,"Mon, 01 Jun 2026 07:00:00 GMT",Google News - Enterprise AI Trends,trend,Fortune Business Insights,2026-06-30T08:12:47+00:00
8e837cf81b3e8ad1,Best 7 AI Test Agents for QA - AIMultiple,Best 7 AI Test Agents for QA AIMultiple,Best 7 AI Test Agents for QA - AIMultiple. Best 7 AI Test Agents for QA AIMultiple,https://news.google.com/rss/articles/CBMiSEFVX3lxTE15QmhEcjE2LTdNZ0lSVTBWa095d3NEaGJubTZIUmptd3NQWHc4VnN0OVh2ZWYxZ1JEU1p4YkxBWkJINkRXbl9CeA?oc=5,"Sun, 07 Jun 2026 07:00:00 GMT",Google News - Enterprise AI Trends,trend,AIMultiple,2026-06-30T08:12:47+00:00
b4c20aa87ee3f1cc,Top 10+ IT Process Automation Tools based on 85+ Tools - AIMultiple,Top 10+ IT Process Automation Tools based on 85+ Tools AIMultiple,Top 10+ IT Process Automation Tools based on 85+ Tools - AIMultiple. Top 10+ IT Process Automation Tools based on 85+ Tools AIMultiple,https://news.google.com/rss/articles/CBMiXkFVX3lxTE9WbXRXRHZOY0JJcElRbHRWRFlQWFMtNnFDbjgwUnpFTnlZeVhtQlV5RlRaVC1oZXE3ZlRwVkRZVUxjdEFfSTRpUEZnV01OVW5JVUpBNmsyLTBZYXlYa1E?oc=5,"Thu, 11 Jun 2026 07:00:00 GMT",Google News - Enterprise AI Trends,trend,AIMultiple,2026-06-30T08:12:47+00:00
55f48d91d0b2b4ea,Keynote Speakers on Digital Transformation | #1 Scott Steinberg - futuristsspeakers.com,Keynote Speakers on Digital Transformation | #1 Scott Steinberg futuristsspeakers.com,Keynote Speakers on Digital Transformation | #1 Scott Steinberg - futuristsspeakers.com. Keynote Speakers on Digital Transformation | #1 Scott Steinberg futuristsspeakers.com,https://news.google.com/rss/articles/CBMigwFBVV95cUxPRUhQNmdyR19yTEkyZjRqaExlX2JiVFk1a3p0alZDbjJMQ2d5cFplYUNZY0Rkd0pCMjUzYlVBSlNyZU03RE9HUWp1TmkyS3QyX3lWMFgzbkl2eGxtQzQxalBCMDRtejM1OUtlakRfTG5xOXNwcThhVkxiaGxFLTNTUWdDaw?oc=5,"Fri, 26 Jun 2026 11:34:21 GMT",Google News - Enterprise AI Trends,trend,futuristsspeakers.com,2026-06-30T08:12:47+00:00
c6f33d723782949c,Top 25+ AI Chip Makers: NVIDIA & Its Competitors - AIMultiple,Top 25+ AI Chip Makers: NVIDIA & Its Competitors AIMultiple,Top 25+ AI Chip Makers: NVIDIA & Its Competitors - AIMultiple. Top 25+ AI Chip Makers: NVIDIA & Its Competitors AIMultiple,https://news.google.com/rss/articles/CBMiTkFVX3lxTE9UYlQtNjVDT09maWxpR0pGbEU0MGxYaDdad1VzYnp6cXBTcjc4RlY0TXJ0SVVvb0NTU19DdkVCbFFOVjk1MUNmdUg4UjhEdw?oc=5,"Thu, 25 Jun 2026 07:00:00 GMT",Google News - Enterprise AI Trends,trend,AIMultiple,2026-06-30T08:12:47+00:00
433babc00b9ffa43,"United Kingdom Software Development Market to Reach US$ 45.57 Billion by 2034 as AI, Cloud Computing, and Enterprise Digital Transformation Accelerate - vocal.media","United Kingdom Software Development Market to Reach US$ 45.57 Billion by 2034 as AI, Cloud Computing, and Enterprise Digital Transformation Accelerate vocal.media","United Kingdom Software Development Market to Reach US$ 45.57 Billion by 2034 as AI, Cloud Computing, and Enterprise Digital Transformation Accelerate - vocal.media. United Kingdom Software Development Market to Reach US$ 45.57 Billion by 2034 as AI, Cloud Computing, and Enterprise Digital Transformation Accelerate vocal.media",https://news.google.com/rss/articles/CBMihwJBVV95cUxNZXBLdmVjUHBZQnZDbnVSWGVEVGJTaEVHU1hzdXEzMmVRbHFPTlVmS1JObEhlM1dueG85UXQwZ2U3aGRWSWwwZFVsYXFZYklQdGpxNEplV1dzWnBmSmNhWUlEdURZc3VORkZ5VDVxZ0FtLVFmQTJIckZQdEx0Ul9TZzA1VkJoajR0eC1sQzIwbmhxOVdWdmljcUY1MWY0cklMbnFOU3JBTURkVnYtanlDYU01VFlaRzNzbDBrYUNlc3l3OUJ0UGxzUmJsU21ZRHFVRjRTYmYwbEQyWmxFbXdYYTA5WHVCVnZSdEdRcDlOM1V6ZjRMWVAxc1FXc1FvdzktRW1qY2JDNA?oc=5,"Wed, 10 Jun 2026 22:22:52 GMT",Google News - Enterprise AI Trends,trend,vocal.media,2026-06-30T08:12:47+00:00
d59e5bde0c76e7e4,Top 10 AI Infrastructure Companies & Applications - AIMultiple,Top 10 AI Infrastructure Companies & Applications AIMultiple,Top 10 AI Infrastructure Companies & Applications - AIMultiple. Top 10 AI Infrastructure Companies & Applications AIMultiple,https://news.google.com/rss/articles/CBMiX0FVX3lxTE9Bd2lLNVBQaUMzUklnWHZfZEFuVTJkRzVILXZtUDNrNzhvTnh2RTNrUDQwVzhQVWhKYzh5UFB0LWVGRjRPLTBNcFJpdHYtcFpBOS15SVhRUm9DelNubm93?oc=5,"Fri, 05 Jun 2026 07:00:00 GMT",Google News - Enterprise AI Trends,trend,AIMultiple,2026-06-30T08:12:47+00:00
f68aa1ae0989c55f,Top 15 Data as a Service Companies - AIMultiple,Top 15 Data as a Service Companies AIMultiple,Top 15 Data as a Service Companies - AIMultiple. Top 15 Data as a Service Companies AIMultiple,https://news.google.com/rss/articles/CBMiX0FVX3lxTE0xZmRuZW8tOTVQa1JONFJGaE8xbUs1UVB6LVN0VUFoVWtJOC11azRaOFk4MEVnTjdTV0EtemdiSWZSQU9Zd2I2VUNXUENISmxUVEJTZUJBNHJQQjBNXzlr?oc=5,"Tue, 09 Jun 2026 07:00:00 GMT",Google News - Enterprise AI Trends,trend,AIMultiple,2026-06-30T08:12:47+00:00
db31ca2f2b5ddade,Compare 20+ Responsible AI Platforms & Libraries - AIMultiple,Compare 20+ Responsible AI Platforms & Libraries AIMultiple,Compare 20+ Responsible AI Platforms & Libraries - AIMultiple. Compare 20+ Responsible AI Platforms & Libraries AIMultiple,https://news.google.com/rss/articles/CBMiWkFVX3lxTE5zZDFsaXY0NXRjNmZoblZib2FCRU55d0JUdmQ2YWs4VWxZblkwQ3hkcHRCVmlmVDE2ZGc1Q2l3T2ZUc1E2aGZ6M203RE1nLWJ3ZGlRMFdxeHRjQQ?oc=5,"Wed, 24 Jun 2026 07:00:00 GMT",Google News - Enterprise AI Trends,trend,AIMultiple,2026-06-30T08:12:47+00:00
e5d30c55d0bf54ac,Top 15+ Production Planning Tools: Features & Reviews - AIMultiple,Top 15+ Production Planning Tools: Features & Reviews AIMultiple,Top 15+ Production Planning Tools: Features & Reviews - AIMultiple. Top 15+ Production Planning Tools: Features & Reviews AIMultiple,https://news.google.com/rss/articles/CBMiXEFVX3lxTE96MUhyelczTWRZb2JWSUV5SURIT1RxMWpzWUtqaWRwbDZXUFd1QTNQaDF1b01yUGxFdHh2emhUc2xQVjlzWXRUbkRrTXRGbGMtM2FGWHhfWk5EVmVq?oc=5,"Thu, 04 Jun 2026 07:00:00 GMT",Google News - Enterprise AI Trends,trend,AIMultiple,2026-06-30T08:12:47+00:00
4f506e9a59a6ecbc,UiPath Pricing: RPA Pricing Models Explained - AIMultiple,UiPath Pricing: RPA Pricing Models Explained AIMultiple,UiPath Pricing: RPA Pricing Models Explained - AIMultiple. UiPath Pricing: RPA Pricing Models Explained AIMultiple,https://news.google.com/rss/articles/CBMiTkFVX3lxTFBCemt1RlFnVjlBS2syNWlKSVR5OWVyRGg3Mkl6NjhCcUFETGVnejhOMy0xOXhJbXE0M3lZUVV3ZURtelNXZFpPSnlmVjNsUQ?oc=5,"Mon, 08 Jun 2026 07:00:00 GMT",Google News - Enterprise AI Trends,trend,AIMultiple,2026-06-30T08:12:47+00:00
fb1ebdc941e436d2,"Database Management System Market Size, Share and, Trend, 2034 - Fortune Business Insights","Database Management System Market Size, Share and, Trend, 2034 Fortune Business Insights","Database Management System Market Size, Share and, Trend, 2034 - Fortune Business Insights. Database Management System Market Size, Share and, Trend, 2034 Fortune Business Insights",https://news.google.com/rss/articles/CBMihwFBVV95cUxNenNVUWR3Sll2Y2xvZTBkZFVGLU05QWF5WjBhLXYxeXo4V09WMm43VlFNaWtnbHlBTDViNFYwcDVqb2pMbHFXbEpGSWJ6Q3lFYzZhR2VYWlFlR1hTeTFoQWZmTXQ2QkxQZmF0Z3lDa1FfcFFBVHVtNHVISTd4b0g5OG1PeXY1Tnc?oc=5,"Mon, 08 Jun 2026 07:00:00 GMT",Google News - Enterprise AI Trends,trend,Fortune Business Insights,2026-06-30T08:12:47+00:00
9eaf0c71d36252c3,Top 20 AI GRC Software & Technologies in 2026 - AIMultiple,Top 20 AI GRC Software & Technologies in 2026 AIMultiple,Top 20 AI GRC Software & Technologies in 2026 - AIMultiple. Top 20 AI GRC Software & Technologies in 2026 AIMultiple,https://news.google.com/rss/articles/CBMiQ0FVX3lxTE5MYUZ6bkN0YmtkZXQycEZmcnVpeEFkT05XWmNNNlpncEU1Y2NRNFZrOXZDM1dOelBHUkZQWFMyZGtjMWc?oc=5,"Tue, 23 Jun 2026 07:00:00 GMT",Google News - Enterprise AI Trends,trend,AIMultiple,2026-06-30T08:12:47+00:00
ea2786332df38c34,"As AI Reshapes Consulting, Deloitte is Betting on SAP's Enterprise AI Future - Analytics India Magazine","As AI Reshapes Consulting, Deloitte is Betting on SAP's Enterprise AI Future Analytics India Magazine","As AI Reshapes Consulting, Deloitte is Betting on SAP's Enterprise AI Future - Analytics India Magazine. As AI Reshapes Consulting, Deloitte is Betting on SAP's Enterprise AI Future Analytics India Magazine",https://news.google.com/rss/articles/CBMiugFBVV95cUxQMW5DeHhFWUVhS0EwQ09nR3UtZWh1YXE1NDJyWlVJWlRxaDNNdjRQZGtXclpUek9LUWo5SHNQT25GZFN3ZTlNb0d3R3BQdkdDbWRPb01seHpJWGdHYXNUR2VfRlFlLVhwZjh6Smx0NGpSbXpaVG04WXpYZE1uc2JkWnFSNUpXYkp1Qk5DVmJBZGVPbnNqZU9BUFpEVHhqMXlrOVpWTzU1YXpncTdHeHpXRzl5eVJsY3A3R1E?oc=5,"Thu, 25 Jun 2026 13:30:00 GMT",Google News - Enterprise AI Trends,trend,Analytics India Magazine,2026-06-30T08:12:47+00:00
bdb544c3277e5f3a,"AI Implementation in Australia: Enterprise Use Cases, Costs, Strategy, & Governance (2026) - appinventiv.com","AI Implementation in Australia: Enterprise Use Cases, Costs, Strategy, & Governance (2026) appinventiv.com","AI Implementation in Australia: Enterprise Use Cases, Costs, Strategy, & Governance (2026) - appinventiv.com. AI Implementation in Australia: Enterprise Use Cases, Costs, Strategy, & Governance (2026) appinventiv.com",https://news.google.com/rss/articles/CBMiWEFVX3lxTE5jTFF5VjdrZ0NhOXZ1LUZUMXd1VjdYZERxb1ItU3BBRS0taTZ0ZlRUOUlZVkpRdjY4REhkOFZraEFJaHNNWi12ZTBqeUFqd2xXVkVzUWxZYXU?oc=5,"Tue, 16 Jun 2026 07:00:00 GMT",Google News - Enterprise AI Trends,trend,appinventiv.com,2026-06-30T08:12:47+00:00
6f6c276a61e00242,GenXAI Analytics files SME IPO to expand enterprise AI push - Express Computer,GenXAI Analytics files SME IPO to expand enterprise AI push Express Computer,GenXAI Analytics files SME IPO to expand enterprise AI push - Express Computer. GenXAI Analytics files SME IPO to expand enterprise AI push Express Computer,https://news.google.com/rss/articles/CBMipgFBVV95cUxNQ01vMDlSWUktOEY4VnV6aFlrYXNjOEZNTllVY0lJaU10Ukt2ZjdFN2c0Y3AtOEF1UjF2aG9MclVjS2d4cno0RnhGUFdOVkpnM3o4aXRDamJmZW5ieV9jcWJJZlkydld3a2dHVVp0MGYxdEQ1aXV6a0o4dFE3aEg5bU5palJfVFMzVFZ2LS1FamJwdDNRaFN5cTM5MjkxSFM5WEVFNTNR0gGrAUFVX3lxTFBmazdVSlBFalp4RHg0SzMwaHd5WDRYV2FSS2VoVmZkNmdWN3NmV0t5ajVSSm5fbTJzdFRzMnl5TVgzWmhNcTcwbWEyc0lkN09qeWpkRGJpUHAwblo1RHVZUEpVWjl3RUU0T0NiN255OGQ4WFJzM2JodWtoSmVFV2czVWRPYmdiV3kyb01NNFU2dWMzWmh1ZERiTlRtN3ZNRUsySmtXaXBEZll3QQ?oc=5,"Mon, 01 Jun 2026 11:03:09 GMT",Google News - Enterprise AI Trends,trend,Express Computer,2026-06-30T08:12:47+00:00
62bb0b0675e149ba,Infosys to unify ERP operations across IHH Healthcare markets under multi-year transformation deal - CRN Asia,Infosys to unify ERP operations across IHH Healthcare markets under multi-year transformation deal CRN Asia,Infosys to unify ERP operations across IHH Healthcare markets under multi-year transformation deal - CRN Asia. Infosys to unify ERP operations across IHH Healthcare markets under multi-year transformation deal CRN Asia,https://news.google.com/rss/articles/CBMi1AFBVV95cUxQSTNVZlNHZzMtT2hCbi1PR09ReWdSYWRENjFkUnhselRPUWFTSUt2amxjSUc4cFZ1dUl0M1N1dFc3a1BOU0VBV3BCRHJKbHZaUk13T0FtSE5oZWxsN2cwTU90TW9IV3hlNnFld3Ruekp2ODAtSGg3clJLeDhIVmVQbFVidnFfSk9sdTdpaFp1aFNrQWlWS3ZSbXdIMWdoMVpWY01ld0M1blRTNVllcEFCbXBBbi12ajg5ZTN5cXpmLVNvTklsSjItYVQyRVprdmN5MXJqeA?oc=5,"Thu, 11 Jun 2026 07:00:00 GMT",Google News - Enterprise AI Trends,trend,CRN Asia,2026-06-30T08:12:47+00:00
daa1487746dc908a,Compare Top 7 Meter-to-Cash Solutions - AIMultiple,Compare Top 7 Meter-to-Cash Solutions AIMultiple,Compare Top 7 Meter-to-Cash Solutions - AIMultiple. Compare Top 7 Meter-to-Cash Solutions AIMultiple,https://news.google.com/rss/articles/CBMiWkFVX3lxTE1zVDB4S1pVQVZ1d0l3Y0pWQlVpdmJQcUw0eGlvS2xDMlhPTUdBVE1GVTJLenk1OVgwNUpaTHhkRWo3TnVWaXkxaUpjTVpHd3oxUTQ2U1RLbElVUQ?oc=5,"Thu, 18 Jun 2026 07:00:00 GMT",Google News - Enterprise AI Trends,trend,AIMultiple,2026-06-30T08:12:47+00:00
100ee832c9bcc87b,Cognizant Powers AI-Driven Talent Acquisition with Oracle Fusion Cloud Recruiting - Finansavisen,Cognizant Powers AI-Driven Talent Acquisition with Oracle Fusion Cloud Recruiting Finansavisen,Cognizant Powers AI-Driven Talent Acquisition with Oracle Fusion Cloud Recruiting - Finansavisen. Cognizant Powers AI-Driven Talent Acquisition with Oracle Fusion Cloud Recruiting Finansavisen,https://news.google.com/rss/articles/CBMigAJBVV95cUxOX21ieDlvYlhXaERWVG90TXRTaGFrTmg2R3diVGJsMjNfMFE0T0xIbUlqNm5uZWdYZU1XcEV3Y05LMl9TU045Q09OeEVCR0tMRWNmVEFvRl93NWFqM2NSOGZfeXd6T24tUDBxVHg1T1JPRjJEcW9WZjBHS082c0NVV0VubkFpNHBTNm4wU1ZJakpSek5sSU5IWENpZWE2TnNVV2xXSWhNNUpWX1FzdG1tMWZIR2FfcjhSX3ZoUkdZMUFPR05rNDBzcVlvemszM3k5aWdma3g2amtOMlBWUWVtYVhKdGNhOE9UZXpySGVLeDA4WGZJcUtxaXQtLVZCblhX?oc=5,"Thu, 11 Jun 2026 07:00:00 GMT",Google News - Enterprise AI Trends,trend,Finansavisen,2026-06-30T08:12:47+00:00
1db59bcb8dd7fa41,LTM named a Leader in Avasant's Oracle Cloud ERP Services 2026 RadarView - scanx.trade,LTM named a Leader in Avasant's Oracle Cloud ERP Services 2026 RadarView scanx.trade,LTM named a Leader in Avasant's Oracle Cloud ERP Services 2026 RadarView - scanx.trade. LTM named a Leader in Avasant's Oracle Cloud ERP Services 2026 RadarView scanx.trade,https://news.google.com/rss/articles/CBMiyAFBVV95cUxPRzFMeXZkbzhRZlBQMTVKd01VV2M0Wm54S18zMF9WaTFrTjYwbW5zT2tOT0tKSmc4SkNHbWYtWHNOdEQxekNTckxRc1lJTjM0bDI5Qm5weG4zRVI0LXZrZmYyYVVqdUNmMVJKU3p5cmttdE5YeFVhcngzMmNMVU50djUyVEU5LUFwYXlySmdhc3RXb0dOcHNNYmtieXBGUnk0bmoyVVkwMFRFd2dObzBGTTYzblkzdWZwR2ZkS1ZHOFM4bzMtNkJrVA?oc=5,"Fri, 19 Jun 2026 07:00:00 GMT",Google News - Enterprise AI Trends,trend,scanx.trade,2026-06-30T08:12:47+00:00
9d64ad8bb537a439,Infojini Appoints Chakrapani K as Senior Vice President & Chief AI Officer - CXO Digitalpulse,Infojini Appoints Chakrapani K as Senior Vice President & Chief AI Officer CXO Digitalpulse,Infojini Appoints Chakrapani K as Senior Vice President & Chief AI Officer - CXO Digitalpulse. Infojini Appoints Chakrapani K as Senior Vice President & Chief AI Officer CXO Digitalpulse,https://news.google.com/rss/articles/CBMiqAFBVV95cUxOOV80cjBOOUJQdjZnMkY1eFl1aXBEel9rNEw2bHpzb3BrcUh0bnNGLUF1amJwZFJTM0tySUVpYlBVZVNVTnFab1JDX3JNdjE4YTd2MWE2eGxVdGdrazBZOTN6WEpnWjBNb09BZ2wzUndMSlNVTEJwZWZGenphUjZha3FjMm5QN2NVR1F2Wl9iSkIwYU0zajkzUjRuc0V2SlhRdHFfQWxwWnk?oc=5,"Wed, 24 Jun 2026 06:30:12 GMT",Google News - Enterprise AI Trends,trend,CXO Digitalpulse,2026-06-30T08:12:47+00:00
f1ac1331fe9c5c3f,LLM Orchestration in 2026: 22 Frameworks and Gateways - AIMultiple,LLM Orchestration in 2026: 22 Frameworks and Gateways AIMultiple,LLM Orchestration in 2026: 22 Frameworks and Gateways - AIMultiple. LLM Orchestration in 2026: 22 Frameworks and Gateways AIMultiple,https://news.google.com/rss/articles/CBMiUkFVX3lxTFBlR2g5eWhaTDV0amtZUEthTENmUGloU0ZzV3RXS0wxWEUzNk1qQnZ1WTBhblhOWXR6TWVQSkFhWS1jYlc2Y2owSzVYN05Id0ZQQWc?oc=5,"Wed, 03 Jun 2026 07:00:00 GMT",Google News - Enterprise AI Trends,trend,AIMultiple,2026-06-30T08:12:47+00:00
1341a938b620cd79,Asticom brings Workday HCM and ERP solutions to PH enterprises - thephilbiznews,Asticom brings Workday HCM and ERP solutions to PH enterprises thephilbiznews,Asticom brings Workday HCM and ERP solutions to PH enterprises - thephilbiznews. Asticom brings Workday HCM and ERP solutions to PH enterprises thephilbiznews,https://news.google.com/rss/articles/CBMiowFBVV95cUxQbnpZeGVUUVRwUkVBckRKOXVOVGFPQlZYbDdHT0EtNkRFY2NGZEplTklrOWVKZGs4Q1V6THpPVXMxYWhPZy1rZHVJdERIZTkxaHFGT3B2TW8ydTJVdzRfVnNjbEEyWW1IbzRucGhRYk5fLXdkV29XMWc0VVlDeDNXOHpNaEVYdEt4UWJVdU9nWDZYTUR2UTBObjVDZ3hrVXFsQkEw?oc=5,"Tue, 16 Jun 2026 07:00:00 GMT",Google News - Enterprise AI Trends,trend,thephilbiznews,2026-06-30T08:12:47+00:00
96fb2d17e2c366db,IBM Cloud Pak for Business Automation: Automating workflows for enterprise teams - AD HOC NEWS,IBM Cloud Pak for Business Automation: Automating workflows for enterprise teams AD HOC NEWS,IBM Cloud Pak for Business Automation: Automating workflows for enterprise teams - AD HOC NEWS. IBM Cloud Pak for Business Automation: Automating workflows for enterprise teams AD HOC NEWS,https://news.google.com/rss/articles/CBMizAFBVV95cUxNZTNlbU9XRzQwLXdUd1pIc3NoNzdXdTUxODFBUENJWDdNU0dlRXViSkI1RHcxNU9RQi1YWGdoTVZGOUFPZmlJTkFXLTBHVEFmYmVfeUpsUHhvYjlxWWd4cFVLc01KOHM5S0JaOEVxZG9GNVJwLUJScTg0S1ZTeDJXWTdxUjAzU3hpOVBtRWpHN09TYmd1cEhHa1g4X05WYWNRZ3pUNE0xRk1fQVk0dWtibnprZ1FCWFAyYm9xLWlLSjJ4VzM2M2o2WUtEdjk?oc=5,"Sat, 13 Jun 2026 16:17:41 GMT",Google News - Enterprise AI Trends,trend,AD HOC NEWS,2026-06-30T08:12:47+00:00
cebe17f51bbd17bc,AI co-pilot push: why SAP Business AI in S/ 4HANA Cloud is becoming core - AD HOC NEWS,AI co-pilot push: why SAP Business AI in S/ 4HANA Cloud is becoming core AD HOC NEWS,AI co-pilot push: why SAP Business AI in S/ 4HANA Cloud is becoming core - AD HOC NEWS. AI co-pilot push: why SAP Business AI in S/ 4HANA Cloud is becoming core AD HOC NEWS,https://news.google.com/rss/articles/CBMiyAFBVV95cUxOaHI4QXVEd3FlLUhBb1h2SjVWZnFRTWZmTzNKWHFrdHpMTldETGpRV01iWHEtNmRDcWdFUy1adHUwbVhnTG1Qcm1fcmQ3dVNQaXRtWTBxeEpvc0RQWHNmZW12Yy1ORkZwM1BuNnFLcEF6YXZmOEFfNi1BWEI2R1NCSE03aWNXTjZ6WHBHOFRWWG9SQ0x0dERCMnpoNFhWSkhzeVptamxodHk1dDk4RHZpcjVVN0x1aEFYQnJoWUNjZ1FYVFZyVmJfZg?oc=5,"Tue, 16 Jun 2026 07:00:00 GMT",Google News - Enterprise AI Trends,trend,AD HOC NEWS,2026-06-30T08:12:47+00:00
13d06c9c9ee5ea3b,Japan Cloud ERP Market to Surpass One-Third of Global Demand - openPR.com,Japan Cloud ERP Market to Surpass One-Third of Global Demand openPR.com,Japan Cloud ERP Market to Surpass One-Third of Global Demand - openPR.com. Japan Cloud ERP Market to Surpass One-Third of Global Demand openPR.com,https://news.google.com/rss/articles/CBMinAFBVV95cUxOZHJEd2M3NXYwUEhlWDR5ZmFQTjNxUTFSejNoRXVONEJnVE40bTlIakJ0X3FJeU9rc3EzVGtVLTNMQkFobm1tQnAzeTNSeHVwc1pOSGNPMTlMTFdJZWJCVHJlSFBoTDRlQzU0VXF6STBFSmJybnoxWUtsbWtvYlJVMC1raDhuLTZIS2JiV3I5c2tVU1B0S2RJamFUR20?oc=5,"Sun, 14 Jun 2026 16:57:24 GMT",Google News - Enterprise AI Trends,trend,openPR.com,2026-06-30T08:12:47+00:00
42cdda813a8c9748,Lightpath Monetizes Digital Services and Powers AI-Driven Innovation with Oracle - NewswireToday,Lightpath Monetizes Digital Services and Powers AI-Driven Innovation with Oracle NewswireToday,Lightpath Monetizes Digital Services and Powers AI-Driven Innovation with Oracle - NewswireToday. Lightpath Monetizes Digital Services and Powers AI-Driven Innovation with Oracle NewswireToday,https://news.google.com/rss/articles/CBMiwAFBVV95cUxOb1dPd1lObnFXTjc2Z0Y0VWg5Z2tEOXMyLUxjV3hZZjZiMTI5cVdic2Z0cDdLMXlhZ1lRSGUtelEwNl9hOTh3NDNUa2NWYXpHOXNTRUk5TkNiWDJLbGJiMEYwYWNCU2VGMkNCLU4zWHJ3WXA2RERIYlZaSmlWTXNLdEtOMXJRWUdPTF80QXNTTzRGX01ZcVdwS0NvVG4zWUtjVTJkckF3VGN5UTVuMVExdzlqN2pnVXc5ZGNxWlNtUXo?oc=5,"Wed, 17 Jun 2026 15:31:15 GMT",Google News - Enterprise AI Trends,trend,NewswireToday,2026-06-30T08:12:47+00:00
61cd687e8b482c6b,21 Best AI Tools For Accounting (With Examples) [2026] - OfficeChai,21 Best AI Tools For Accounting (With Examples) [2026] OfficeChai,21 Best AI Tools For Accounting (With Examples) [2026] - OfficeChai. 21 Best AI Tools For Accounting (With Examples) [2026] OfficeChai,https://news.google.com/rss/articles/CBMiY0FVX3lxTE1VbHhyX21fR0JQZ1JubEJQSFk1RlZjam9hcmNFR3dQMWR3QjA3S3djTEg1YzhXT1ZMTlZwVFpaZng1bjVpY0pnUFhRYVM5N1FGdVpIZExHVndnLXZNak5YSUszTQ?oc=5,"Mon, 15 Jun 2026 07:00:00 GMT",Google News - Enterprise AI Trends,trend,OfficeChai,2026-06-30T08:12:47+00:00
ea11ca4bae2a3178,Intelegain Marks 26 Years of Transforming Enterprises Through Technology - TechBullion,Intelegain Marks 26 Years of Transforming Enterprises Through Technology TechBullion,Intelegain Marks 26 Years of Transforming Enterprises Through Technology - TechBullion. Intelegain Marks 26 Years of Transforming Enterprises Through Technology TechBullion,https://news.google.com/rss/articles/CBMingFBVV95cUxQNndva0Z5ejA2VzlKQzVfcjVteWJFNjVvRzJ3NEpXWnBUbmg3SDREdndMWHE4bGVCZFp2WklaU2d6U0o3bFNSRmtpSFRrZzF5cmZudEtpVUV2eHItVVpOMVpiS1E2N1pPM05zUHFzcGt5aEdjQzlFYWdORUE3eDlQaFBpTjBidWNxQUxUUEVLTzQ3bExjbDY0THhTR3hDZw?oc=5,"Sat, 13 Jun 2026 07:00:00 GMT",Google News - Enterprise AI Trends,trend,TechBullion,2026-06-30T08:12:47+00:00
